{"_timestamp":1.7743829258733635e+09,"_step":359,"train_loss":2.303081750869751,"val_acc":0.0989999994635582,"_wandb":{"runtime":336},"_runtime":336,"epoch":179}