{"_step":0,"_wandb":{"runtime":4},"_runtime":4,"train_loss":2.7023677825927734,"epoch":0,"_timestamp":1.7743834532882469e+09}